"Longitude (x)","Latitude (y)","Station Name","Climate ID","Date/Time (LST)","Year","Month","Day","Time (LST)","Temp (°C)","Temp Flag","Dew Point Temp (°C)","Dew Point Temp Flag","Rel Hum (%)","Rel Hum Flag","Precip. Amount (mm)","Precip. Amount Flag","Wind Dir (10s deg)","Wind Dir Flag","Wind Spd (km/h)","Wind Spd Flag","Visibility (km)","Visibility Flag","Stn Press (kPa)","Stn Press Flag","Hmdx","Hmdx Flag","Wind Chill","Wind Chill Flag","Weather"
"-115.55","51.19","BANFF CS","3050519","2023-11-01 00:00","2023","11","01","00:00","-4.3","","-8.2","","74","","0.0","","25","","8","","","","86.23","","","","-8","","NA"
"-115.55","51.19","BANFF CS","3050519","2023-11-01 01:00","2023","11","01","01:00","-4.9","","-8.3","","77","","0.0","","26","","9","","","","86.23","","","","-9","","NA"
"-115.55","51.19","BANFF CS","3050519","2023-11-01 02:00","2023","11","01","02:00","-5.7","","-8.7","","79","","0.0","","27","","8","","","","86.21","","","","-9","","NA"
"-115.55","51.19","BANFF CS","3050519","2023-11-01 03:00","2023","11","01","03:00","-6.1","","-9.1","","80","","0.0","","25","","9","","","","86.18","","","","-10","","NA"
"-115.55","51.19","BANFF CS","3050519","2023-11-01 04:00","2023","11","01","04:00","-6.4","","-9.4","","79","","0.0","","28","","7","","","","86.17","","","","-10","","NA"
"-115.55","51.19","BANFF CS","3050519","2023-11-01 05:00","2023","11","01","05:00","-7.2","","-9.9","","81","","0.0","","27","","8","","","","86.15","","","","-11","","NA"
"-115.55","51.19","BANFF CS","3050519","2023-11-01 06:00","2023","11","01","06:00","-6.3","","-9.2","","80","","0.0","","27","","9","","","","86.15","","","","-11","","NA"
"-115.55","51.19","BANFF CS","3050519","2023-11-01 07:00","2023","11","01","07:00","-6.3","","-9.5","","79","","0.0","","25","","9","","","","86.11","","","","-11","","NA"
"-115.55","51.19","BANFF CS","3050519","2023-11-01 08:00","2023","11","01","08:00","-6.1","","-9.4","","77","","0.0","","25","","12","","","","86.11","","","","-11","","NA"
"-115.55","51.19","BANFF CS","3050519","2023-11-01 09:00","2023","11","01","09:00","-6.2","","-9.9","","75","","0.0","","24","","10","","","","86.15","","","","-11","","NA"
"-115.55","51.19","BANFF CS","3050519","2023-11-01 10:00","2023","11","01","10:00"
"-115.55","51.19","BANFF CS","3050519","2023-11-01 11:00","2023","11","01","11:00","-0.6","","-8.2","","56","","0.0","","22","","15","","","","86.06","","","","-5","","NA"
"-115.55","51.19","BANFF CS","3050519","2023-11-01 12:00","2023","11","01","12:00","1.1","","-7.9","","51","","0.0","","23","","14","","","","86.00","","","","","","NA"
"-115.55","51.19","BANFF CS","3050519","2023-11-01 13:00","2023","11","01","13:00","1.6","","-7.2","","52","","0.0","","22","","18","","","","85.91","","","","","","NA"
"-115.55","51.19","BANFF CS","3050519","2023-11-01 14:00","2023","11","01","14:00","2.6","","-6.9","","49","","0.0","","23","","18","","","","85.86","","","","","","NA"
"-115.55","51.19","BANFF CS","3050519","2023-11-01 15:00","2023","11","01","15:00","3.5","","-6.7","","47","","0.0","","23","","15","","","","85.85","","","","","","NA"
"-115.55","51.19","BANFF CS","3050519","2023-11-01 16:00","2023","11","01","16:00","3.4","","-6.7","","48","","0.0","","22","","15","","","","85.83","","","","","","NA"
"-115.55","51.19","BANFF CS","3050519","2023-11-01 17:00","2023","11","01","17:00","2.9","","-6.9","","48","","0.0","","23","","13","","","","85.82","","","","","","NA"
"-115.55","51.19","BANFF CS","3050519","2023-11-01 18:00","2023","11","01","18:00","2.0","","-6.7","","52","","0.0","","23","","12","","","","85.81","","","","","","NA"
"-115.55","51.19","BANFF CS","3050519","2023-11-01 19:00","2023","11","01","19:00","0.3","","-6.3","","61","","0.0","","22","","8","","","","85.85","","","","","","NA"
"-115.55","51.19","BANFF CS","3050519","2023-11-01 20:00","2023","11","01","20:00","0.3","","-6.4","","60","","0.0","","24","","8","","","","85.84","","","","","","NA"
"-115.55","51.19","BANFF CS","3050519","2023-11-01 21:00","2023","11","01","21:00","-0.3","","-6.3","","64","","0.0","","23","","6","","","","85.78","","","","-2","","NA"
"-115.55","51.19","BANFF CS","3050519","2023-11-01 22:00","2023","11","01","22:00","-0.8","","-6.2","","67","","0.0","","23","","7","","","","85.76","","","","-3","","NA"
"-115.55","51.19","BANFF CS","3050519","2023-11-01 23:00","2023","11","01","23:00","-0.6","","-6.2","","66","","0.0","","23","","12","","","","85.75","","","","-5","","NA"
"-115.55","51.19","BANFF CS","3050519","2023-11-02 00:00","2023","11","02","00:00","-1.2","","-6.3","","68","","0.0","","24","","11","","","","85.70","","","","-5","","NA"
"-115.55","51.19","BANFF CS","3050519","2023-11-02 01:00","2023","11","02","01:00","-1.4","","-6.4","","69","","0.0","","23","","13","","","","85.68","","","","-6","","NA"
"-115.55","51.19","BANFF CS","3050519","2023-11-02 02:00","2023","11","02","02:00","-1.6","","-6.3","","70","","0.0","","21","","11","","","","85.62","","","","-5","","NA"
"-115.55","51.19","BANFF CS","3050519","2023-11-02 03:00","2023","11","02","03:00","-1.5","","-6.2","","70","","0.0","","22","","11","","","","85.57","","","","-5","","NA"
"-115.55","51.19","BANFF CS","3050519","2023-11-02 04:00","2023","11","02","04:00","-1.4","","-6.2","","70","","0.0","","23","","11","","","","85.52","","","","-5","","NA"
"-115.55","51.19","BANFF CS","3050519","2023-11-02 05:00","2023","11","02","05:00","-1.2","","-6.1","","69","","0.0","","24","","12","","","","85.45","","","","-5","","NA"
"-115.55","51.19","BANFF CS","3050519","2023-11-02 06:00","2023","11","02","06:00","-1.4","","-5.9","","71","","0.0","","24","","8","","","","85.42","","","","-4","","NA"
"-115.55","51.19","BANFF CS","3050519","2023-11-02 07:00","2023","11","02","07:00","-1.3","","-5.9","","71","","0.0","","24","","8","","","","85.40","","","","-4","","NA"
"-115.55","51.19","BANFF CS","3050519","2023-11-02 08:00","2023","11","02","08:00","-1.2","","-5.8","","71","","0.0","","22","","9","","","","85.41","","","","-4","","NA"
"-115.55","51.19","BANFF CS","3050519","2023-11-02 09:00","2023","11","02","09:00","-1.9","","-3.7","","87","","0.1","","23","","8","","","","85.44","","","","-5","","NA"
"-115.55","51.19","BANFF CS","3050519","2023-11-02 10:00","2023","11","02","10:00","-2.0","","-3.3","","91","","0.5","","23","","5","","","","85.43","","","","-4","","NA"
"-115.55","51.19","BANFF CS","3050519","2023-11-02 11:00","2023","11","02","11:00","-1.8","","-2.7","","93","","1.0","","23","","9","","","","85.42","","","","-5","","NA"
"-115.55","51.19","BANFF CS","3050519","2023-11-02 12:00","2023","11","02","12:00","-0.9","","-2.3","","91","","0.4","","23","","7","","","","85.38","","","","-3","","NA"
"-115.55","51.19","BANFF CS","3050519","2023-11-02 13:00","2023","11","02","13:00","-0.3","","-1.8","","90","","0.0","","21","","6","","","","85.32","","","","-2","","NA"
"-115.55","51.19","BANFF CS","3050519","2023-11-02 14:00","2023","11","02","14:00","0.1","","-1.6","","88","","0.0","","23","","3","","","","85.27","","","","","","NA"
"-115.55","51.19","BANFF CS","3050519","2023-11-02 15:00","2023","11","02","15:00","0.8","","-1.9","","82","","0.0","","22","","3","","","","85.27","","","","","","NA"
"-115.55","51.19","BANFF CS","3050519","2023-11-02 16:00","2023","11","02","16:00","0.8","","-1.2","","86","","0.0","","","","0","","","","85.30","","","","","","NA"
"-115.55","51.19","BANFF CS","3050519","2023-11-02 17:00","2023","11","02","17:00","0.1","","-0.8","","94","","0.2","","20","","5","","","","85.29","","","","","","NA"
"-115.55","51.19","BANFF CS","3050519","2023-11-02 18:00","2023","11","02","18:00","-0.1","","-0.7","","95","","0.1","","21","","6","","","","85.29","","","","-2","","NA"
"-115.55","51.19","BANFF CS","3050519","2023-11-02 19:00","2023","11","02","19:00","-0.1","","-0.6","","96","","0.2","","23","","7","","","","85.34","","","","-3","","NA"
"-115.55","51.19","BANFF CS","3050519","2023-11-02 20:00","2023","11","02","20:00","-0.1","","-0.7","","95","","0.2","","22","","12","","","","85.35","","","","-4","","NA"
"-115.55","51.19","BANFF CS","3050519","2023-11-02 21:00","2023","11","02","21:00","-0.3","","-1.0","","95","","0.0","","25","","7","","","","85.33","","","","-3","","NA"
"-115.55","51.19","BANFF CS","3050519","2023-11-02 22:00","2023","11","02","22:00","-0.1","","-1.1","","93","","0.0","","24","","9","","","","85.34","","","","-3","","NA"
"-115.55","51.19","BANFF CS","3050519","2023-11-02 23:00","2023","11","02","23:00","0.2","","-1.2","","91","","0.0","","23","","13","","","","85.37","","","","","","NA"
"-115.55","51.19","BANFF CS","3050519","2023-11-03 00:00","2023","11","03","00:00","-0.1","","-1.5","","90","","0.0","","23","","12","","","","85.37","","","","-4","","NA"
"-115.55","51.19","BANFF CS","3050519","2023-11-03 01:00","2023","11","03","01:00","-0.1","","-1.5","","90","","0.0","","23","","11","","","","85.36","","","","-4","","NA"
"-115.55","51.19","BANFF CS","3050519","2023-11-03 02:00","2023","11","03","02:00","0.1","","-1.3","","90","","0.0","","23","","15","","","","85.37","","","","","","NA"
"-115.55","51.19","BANFF CS","3050519","2023-11-03 03:00","2023","11","03","03:00","0.8","","-1.1","","87","","0.0","","23","","12","","","","85.40","","","","","","NA"
"-115.55","51.19","BANFF CS","3050519","2023-11-03 04:00","2023","11","03","04:00","0.6","","-1.0","","89","","0.0","","23","","9","","","","85.46","","","","","","NA"
"-115.55","51.19","BANFF CS","3050519","2023-11-03 05:00","2023","11","03","05:00","0.8","","-0.9","","88","","0.0","","23","","12","","","","85.48","","","","","","NA"
"-115.55","51.19","BANFF CS","3050519","2023-11-03 06:00","2023","11","03","06:00","0.7","","-0.9","","89","","0.0","","22","","9","","","","85.51","","","","","","NA"
"-115.55","51.19","BANFF CS","3050519","2023-11-03 07:00","2023","11","03","07:00","0.4","","-1.0","","90","","0.0","","23","","12","","","","85.55","","","","","","NA"
"-115.55","51.19","BANFF CS","3050519","2023-11-03 08:00","2023","11","03","08:00","0.6","","-0.9","","89","","0.0","","26","","11","","","","85.57","","","","","","NA"
"-115.55","51.19","BANFF CS","3050519","2023-11-03 09:00","2023","11","03","09:00","0.9","","-0.8","","88","","0.0","","24","","11","","","","85.65","","","","","","NA"
"-115.55","51.19","BANFF CS","3050519","2023-11-03 10:00","2023","11","03","10:00","1.5","","-0.6","","86","","0.0","","23","","11","","","","85.69","","","","","","NA"
"-115.55","51.19","BANFF CS","3050519","2023-11-03 11:00","2023","11","03","11:00","3.2","","-0.3","","78","","0.0","","24","","11","","","","85.68","","","","","","NA"
"-115.55","51.19","BANFF CS","3050519","2023-11-03 12:00","2023","11","03","12:00","3.8","","-0.1","","76","","0.0","","23","","12","","","","85.69","","","","","","NA"
"-115.55","51.19","BANFF CS","3050519","2023-11-03 13:00","2023","11","03","13:00","5.1","","0.1","","70","","0.0","","22","","15","","","","85.68","","","","","","NA"
"-115.55","51.19","BANFF CS","3050519","2023-11-03 14:00","2023","11","03","14:00","5.3","","0.0","","69","","0.0","","23","","15","","","","85.68","","","","","","NA"
"-115.55","51.19","BANFF CS","3050519","2023-11-03 15:00","2023","11","03","15:00","5.4","","0.3","","70","","0.0","","23","","12","","","","85.72","","","","","","NA"
"-115.55","51.19","BANFF CS","3050519","2023-11-03 16:00","2023","11","03","16:00","4.7","","0.5","","74","","0.0","","22","","12","","","","85.76","","","","","","NA"
"-115.55","51.19","BANFF CS","3050519","2023-11-03 17:00","2023","11","03","17:00","3.8","","0.3","","78","","0.0","","24","","8","","","","85.81","","","","","","NA"
"-115.55","51.19","BANFF CS","3050519","2023-11-03 18:00","2023","11","03","18:00","3.5","","0.3","","80","","0.0","","22","","9","","","","85.85","","","","","","NA"
"-115.55","51.19","BANFF CS","3050519","2023-11-03 19:00","2023","11","03","19:00","3.3","","0.2","","80","","0.0","","24","","9","","","","85.85","","","","","","NA"
"-115.55","51.19","BANFF CS","3050519","2023-11-03 20:00","2023","11","03","20:00","2.8","","0.1","","83","","0.0","","23","","8","","","","85.83","","","","","","NA"
"-115.55","51.19","BANFF CS","3050519","2023-11-03 21:00","2023","11","03","21:00","2.8","","0.0","","82","","0.0","","23","","8","","","","85.88","","","","","","NA"
"-115.55","51.19","BANFF CS","3050519","2023-11-03 22:00","2023","11","03","22:00","2.9","","-0.2","","80","","0.0","","23","","10","","","","85.92","","","","","","NA"
"-115.55","51.19","BANFF CS","3050519","2023-11-03 23:00","2023","11","03","23:00","2.3","","-0.3","","83","","0.0","","24","","7","","","","85.91","","","","","","NA"
"-115.55","51.19","BANFF CS","3050519","2023-11-04 00:00","2023","11","04","00:00","1.8","","-0.4","","85","","0.0","","24","","8","","","","85.86","","","","","","NA"
"-115.55","51.19","BANFF CS","3050519","2023-11-04 01:00","2023","11","04","01:00","1.7","","-0.4","","86","","0.0","","24","","9","","","","85.80","","","","","","NA"
"-115.55","51.19","BANFF CS","3050519","2023-11-04 02:00","2023","11","04","02:00","1.2","","-0.6","","88","","0.0","","24","","10","","","","85.74","","","","","","NA"
"-115.55","51.19","BANFF CS","3050519","2023-11-04 03:00","2023","11","04","03:00","1.8","","-0.6","","84","","0.0","","25","","8","","","","85.67","","","","","","NA"
"-115.55","51.19","BANFF CS","3050519","2023-11-04 04:00","2023","11","04","04:00","2.0","","-0.5","","84","","0.0","","23","","8","","","","85.61","","","","","","NA"
"-115.55","51.19","BANFF CS","3050519","2023-11-04 05:00","2023","11","04","05:00","1.5","","-0.4","","88","","0.0","","24","","10","","","","85.60","","","","","","NA"
"-115.55","51.19","BANFF CS","3050519","2023-11-04 06:00","2023","11","04","06:00","1.1","","0.2","","94","","0.1","","22","","10","","","","85.53","","","","","","NA"
"-115.55","51.19","BANFF CS","3050519","2023-11-04 07:00","2023","11","04","07:00","0.9","","0.1","","95","","0.1","","22","","10","","","","85.40","","","","","","NA"
"-115.55","51.19","BANFF CS","3050519","2023-11-04 08:00","2023","11","04","08:00","1.3","","0.1","","92","","0.0","","23","","8","","","","85.32","","","","","","NA"
"-115.55","51.19","BANFF CS","3050519","2023-11-04 09:00","2023","11","04","09:00","2.3","","0.2","","86","","0.0","","22","","16","","","","85.24","","","","","","NA"
"-115.55","51.19","BANFF CS","3050519","2023-11-04 10:00","2023","11","04","10:00","3.2","","-0.1","","79","","0.0","","22","","15","","","","85.15","","","","","","NA"
"-115.55","51.19","BANFF CS","3050519","2023-11-04 11:00","2023","11","04","11:00","4.2","","0.1","","75","","0.0","","23","","15","","","","85.08","","","","","","NA"
"-115.55","51.19","BANFF CS","3050519","2023-11-04 12:00","2023","11","04","12:00","5.5","","0.7","","71","","0.0","","23","","16","","","","84.99","","","","","","NA"
"-115.55","51.19","BANFF CS","3050519","2023-11-04 13:00","2023","11","04","13:00","6.4","","1.1","","69","","0.0","","23","","17","","","","84.93","","","","","","NA"
"-115.55","51.19","BANFF CS","3050519","2023-11-04 14:00","2023","11","04","14:00","6.3","","1.0","","69","","0.0","","23","","15","","","","84.88","","","","","","NA"
"-115.55","51.19","BANFF CS","3050519","2023-11-04 15:00","2023","11","04","15:00","5.3","","1.2","","74","","0.0","","23","","17","","","","84.86","","","","","","NA"
"-115.55","51.19","BANFF CS","3050519","2023-11-04 16:00","2023","11","04","16:00","4.6","","1.1","","78","","0.0","","23","","17","","","","84.89","","","","","","NA"
"-115.55","51.19","BANFF CS","3050519","2023-11-04 17:00","2023","11","04","17:00","4.1","","1.0","","80","","0.0","","24","","14","","","","84.88","","","","","","NA"
"-115.55","51.19","BANFF CS","3050519","2023-11-04 18:00","2023","11","04","18:00","3.5","","0.9","","84","","0.0","","22","","18","","","","84.85","","","","","","NA"
"-115.55","51.19","BANFF CS","3050519","2023-11-04 19:00","2023","11","04","19:00","3.4","","0.8","","83","","0.0","","23","","16","","","","84.79","","","","","","NA"
"-115.55","51.19","BANFF CS","3050519","2023-11-04 20:00","2023","11","04","20:00","3.4","","1.0","","84","","0.0","","22","","16","","","","84.78","","","","","","NA"
"-115.55","51.19","BANFF CS","3050519","2023-11-04 21:00","2023","11","04","21:00","3.1","","0.8","","85","","0.0","","23","","9","","","","84.77","","","","","","NA"
"-115.55","51.19","BANFF CS","3050519","2023-11-04 22:00","2023","11","04","22:00","3.2","","0.9","","85","","0.0","","23","","16","","","","84.77","","","","","","NA"
"-115.55","51.19","BANFF CS","3050519","2023-11-04 23:00","2023","11","04","23:00","3.0","","0.9","","86","","0.0","","23","","16","","","","84.73","","","","","","NA"
"-115.55","51.19","BANFF CS","3050519","2023-11-05 00:00","2023","11","05","00:00"
"-115.55","51.19","BANFF CS","3050519","2023-11-05 01:00","2023","11","05","01:00"
"-115.55","51.19","BANFF CS","3050519","2023-11-05 02:00","2023","11","05","02:00"
"-115.55","51.19","BANFF CS","3050519","2023-11-05 03:00","2023","11","05","03:00"
"-115.55","51.19","BANFF CS","3050519","2023-11-05 04:00","2023","11","05","04:00"
"-115.55","51.19","BANFF CS","3050519","2023-11-05 05:00","2023","11","05","05:00"
"-115.55","51.19","BANFF CS","3050519","2023-11-05 06:00","2023","11","05","06:00"
"-115.55","51.19","BANFF CS","3050519","2023-11-05 07:00","2023","11","05","07:00"
"-115.55","51.19","BANFF CS","3050519","2023-11-05 08:00","2023","11","05","08:00"
"-115.55","51.19","BANFF CS","3050519","2023-11-05 09:00","2023","11","05","09:00"
"-115.55","51.19","BANFF CS","3050519","2023-11-05 10:00","2023","11","05","10:00"
"-115.55","51.19","BANFF CS","3050519","2023-11-05 11:00","2023","11","05","11:00"
"-115.55","51.19","BANFF CS","3050519","2023-11-05 12:00","2023","11","05","12:00"
"-115.55","51.19","BANFF CS","3050519","2023-11-05 13:00","2023","11","05","13:00"
"-115.55","51.19","BANFF CS","3050519","2023-11-05 14:00","2023","11","05","14:00"
"-115.55","51.19","BANFF CS","3050519","2023-11-05 15:00","2023","11","05","15:00"
"-115.55","51.19","BANFF CS","3050519","2023-11-05 16:00","2023","11","05","16:00"
"-115.55","51.19","BANFF CS","3050519","2023-11-05 17:00","2023","11","05","17:00"
"-115.55","51.19","BANFF CS","3050519","2023-11-05 18:00","2023","11","05","18:00"
"-115.55","51.19","BANFF CS","3050519","2023-11-05 19:00","2023","11","05","19:00"
"-115.55","51.19","BANFF CS","3050519","2023-11-05 20:00","2023","11","05","20:00"
"-115.55","51.19","BANFF CS","3050519","2023-11-05 21:00","2023","11","05","21:00"
"-115.55","51.19","BANFF CS","3050519","2023-11-05 22:00","2023","11","05","22:00"
"-115.55","51.19","BANFF CS","3050519","2023-11-05 23:00","2023","11","05","23:00"
"-115.55","51.19","BANFF CS","3050519","2023-11-06 00:00","2023","11","06","00:00"
"-115.55","51.19","BANFF CS","3050519","2023-11-06 01:00","2023","11","06","01:00"
"-115.55","51.19","BANFF CS","3050519","2023-11-06 02:00","2023","11","06","02:00"
"-115.55","51.19","BANFF CS","3050519","2023-11-06 03:00","2023","11","06","03:00"
"-115.55","51.19","BANFF CS","3050519","2023-11-06 04:00","2023","11","06","04:00"
"-115.55","51.19","BANFF CS","3050519","2023-11-06 05:00","2023","11","06","05:00"
"-115.55","51.19","BANFF CS","3050519","2023-11-06 06:00","2023","11","06","06:00"
"-115.55","51.19","BANFF CS","3050519","2023-11-06 07:00","2023","11","06","07:00"
"-115.55","51.19","BANFF CS","3050519","2023-11-06 08:00","2023","11","06","08:00"
"-115.55","51.19","BANFF CS","3050519","2023-11-06 09:00","2023","11","06","09:00"
"-115.55","51.19","BANFF CS","3050519","2023-11-06 10:00","2023","11","06","10:00"
"-115.55","51.19","BANFF CS","3050519","2023-11-06 11:00","2023","11","06","11:00"
"-115.55","51.19","BANFF CS","3050519","2023-11-06 12:00","2023","11","06","12:00"
"-115.55","51.19","BANFF CS","3050519","2023-11-06 13:00","2023","11","06","13:00"
"-115.55","51.19","BANFF CS","3050519","2023-11-06 14:00","2023","11","06","14:00"
"-115.55","51.19","BANFF CS","3050519","2023-11-06 15:00","2023","11","06","15:00"
"-115.55","51.19","BANFF CS","3050519","2023-11-06 16:00","2023","11","06","16:00"
"-115.55","51.19","BANFF CS","3050519","2023-11-06 17:00","2023","11","06","17:00"
"-115.55","51.19","BANFF CS","3050519","2023-11-06 18:00","2023","11","06","18:00"
"-115.55","51.19","BANFF CS","3050519","2023-11-06 19:00","2023","11","06","19:00"
"-115.55","51.19","BANFF CS","3050519","2023-11-06 20:00","2023","11","06","20:00"
"-115.55","51.19","BANFF CS","3050519","2023-11-06 21:00","2023","11","06","21:00"
"-115.55","51.19","BANFF CS","3050519","2023-11-06 22:00","2023","11","06","22:00"
"-115.55","51.19","BANFF CS","3050519","2023-11-06 23:00","2023","11","06","23:00"
"-115.55","51.19","BANFF CS","3050519","2023-11-07 00:00","2023","11","07","00:00"
"-115.55","51.19","BANFF CS","3050519","2023-11-07 01:00","2023","11","07","01:00"
"-115.55","51.19","BANFF CS","3050519","2023-11-07 02:00","2023","11","07","02:00"
"-115.55","51.19","BANFF CS","3050519","2023-11-07 03:00","2023","11","07","03:00"
"-115.55","51.19","BANFF CS","3050519","2023-11-07 04:00","2023","11","07","04:00"
"-115.55","51.19","BANFF CS","3050519","2023-11-07 05:00","2023","11","07","05:00"
"-115.55","51.19","BANFF CS","3050519","2023-11-07 06:00","2023","11","07","06:00"
"-115.55","51.19","BANFF CS","3050519","2023-11-07 07:00","2023","11","07","07:00"
"-115.55","51.19","BANFF CS","3050519","2023-11-07 08:00","2023","11","07","08:00"
"-115.55","51.19","BANFF CS","3050519","2023-11-07 09:00","2023","11","07","09:00"
"-115.55","51.19","BANFF CS","3050519","2023-11-07 10:00","2023","11","07","10:00"
"-115.55","51.19","BANFF CS","3050519","2023-11-07 11:00","2023","11","07","11:00"
"-115.55","51.19","BANFF CS","3050519","2023-11-07 12:00","2023","11","07","12:00"
"-115.55","51.19","BANFF CS","3050519","2023-11-07 13:00","2023","11","07","13:00"
"-115.55","51.19","BANFF CS","3050519","2023-11-07 14:00","2023","11","07","14:00"
"-115.55","51.19","BANFF CS","3050519","2023-11-07 15:00","2023","11","07","15:00"
"-115.55","51.19","BANFF CS","3050519","2023-11-07 16:00","2023","11","07","16:00"
"-115.55","51.19","BANFF CS","3050519","2023-11-07 17:00","2023","11","07","17:00"
"-115.55","51.19","BANFF CS","3050519","2023-11-07 18:00","2023","11","07","18:00"
"-115.55","51.19","BANFF CS","3050519","2023-11-07 19:00","2023","11","07","19:00"
"-115.55","51.19","BANFF CS","3050519","2023-11-07 20:00","2023","11","07","20:00"
"-115.55","51.19","BANFF CS","3050519","2023-11-07 21:00","2023","11","07","21:00"
"-115.55","51.19","BANFF CS","3050519","2023-11-07 22:00","2023","11","07","22:00"
"-115.55","51.19","BANFF CS","3050519","2023-11-07 23:00","2023","11","07","23:00"
"-115.55","51.19","BANFF CS","3050519","2023-11-08 00:00","2023","11","08","00:00"
"-115.55","51.19","BANFF CS","3050519","2023-11-08 01:00","2023","11","08","01:00"
"-115.55","51.19","BANFF CS","3050519","2023-11-08 02:00","2023","11","08","02:00"
"-115.55","51.19","BANFF CS","3050519","2023-11-08 03:00","2023","11","08","03:00"
"-115.55","51.19","BANFF CS","3050519","2023-11-08 04:00","2023","11","08","04:00"
"-115.55","51.19","BANFF CS","3050519","2023-11-08 05:00","2023","11","08","05:00"
"-115.55","51.19","BANFF CS","3050519","2023-11-08 06:00","2023","11","08","06:00"
"-115.55","51.19","BANFF CS","3050519","2023-11-08 07:00","2023","11","08","07:00"
"-115.55","51.19","BANFF CS","3050519","2023-11-08 08:00","2023","11","08","08:00"
"-115.55","51.19","BANFF CS","3050519","2023-11-08 09:00","2023","11","08","09:00"
"-115.55","51.19","BANFF CS","3050519","2023-11-08 10:00","2023","11","08","10:00"
"-115.55","51.19","BANFF CS","3050519","2023-11-08 11:00","2023","11","08","11:00"
"-115.55","51.19","BANFF CS","3050519","2023-11-08 12:00","2023","11","08","12:00"
"-115.55","51.19","BANFF CS","3050519","2023-11-08 13:00","2023","11","08","13:00"
"-115.55","51.19","BANFF CS","3050519","2023-11-08 14:00","2023","11","08","14:00"
"-115.55","51.19","BANFF CS","3050519","2023-11-08 15:00","2023","11","08","15:00"
"-115.55","51.19","BANFF CS","3050519","2023-11-08 16:00","2023","11","08","16:00"
"-115.55","51.19","BANFF CS","3050519","2023-11-08 17:00","2023","11","08","17:00"
"-115.55","51.19","BANFF CS","3050519","2023-11-08 18:00","2023","11","08","18:00"
"-115.55","51.19","BANFF CS","3050519","2023-11-08 19:00","2023","11","08","19:00"
"-115.55","51.19","BANFF CS","3050519","2023-11-08 20:00","2023","11","08","20:00"
"-115.55","51.19","BANFF CS","3050519","2023-11-08 21:00","2023","11","08","21:00"
"-115.55","51.19","BANFF CS","3050519","2023-11-08 22:00","2023","11","08","22:00"
"-115.55","51.19","BANFF CS","3050519","2023-11-08 23:00","2023","11","08","23:00"
"-115.55","51.19","BANFF CS","3050519","2023-11-09 00:00","2023","11","09","00:00"
"-115.55","51.19","BANFF CS","3050519","2023-11-09 01:00","2023","11","09","01:00"
"-115.55","51.19","BANFF CS","3050519","2023-11-09 02:00","2023","11","09","02:00"
"-115.55","51.19","BANFF CS","3050519","2023-11-09 03:00","2023","11","09","03:00"
"-115.55","51.19","BANFF CS","3050519","2023-11-09 04:00","2023","11","09","04:00"
"-115.55","51.19","BANFF CS","3050519","2023-11-09 05:00","2023","11","09","05:00"
"-115.55","51.19","BANFF CS","3050519","2023-11-09 06:00","2023","11","09","06:00"
"-115.55","51.19","BANFF CS","3050519","2023-11-09 07:00","2023","11","09","07:00"
"-115.55","51.19","BANFF CS","3050519","2023-11-09 08:00","2023","11","09","08:00"
"-115.55","51.19","BANFF CS","3050519","2023-11-09 09:00","2023","11","09","09:00"
"-115.55","51.19","BANFF CS","3050519","2023-11-09 10:00","2023","11","09","10:00"
"-115.55","51.19","BANFF CS","3050519","2023-11-09 11:00","2023","11","09","11:00"
"-115.55","51.19","BANFF CS","3050519","2023-11-09 12:00","2023","11","09","12:00"
"-115.55","51.19","BANFF CS","3050519","2023-11-09 13:00","2023","11","09","13:00"
"-115.55","51.19","BANFF CS","3050519","2023-11-09 14:00","2023","11","09","14:00"
"-115.55","51.19","BANFF CS","3050519","2023-11-09 15:00","2023","11","09","15:00"
"-115.55","51.19","BANFF CS","3050519","2023-11-09 16:00","2023","11","09","16:00"
"-115.55","51.19","BANFF CS","3050519","2023-11-09 17:00","2023","11","09","17:00"
"-115.55","51.19","BANFF CS","3050519","2023-11-09 18:00","2023","11","09","18:00"
"-115.55","51.19","BANFF CS","3050519","2023-11-09 19:00","2023","11","09","19:00"
"-115.55","51.19","BANFF CS","3050519","2023-11-09 20:00","2023","11","09","20:00"
"-115.55","51.19","BANFF CS","3050519","2023-11-09 21:00","2023","11","09","21:00"
"-115.55","51.19","BANFF CS","3050519","2023-11-09 22:00","2023","11","09","22:00"
"-115.55","51.19","BANFF CS","3050519","2023-11-09 23:00","2023","11","09","23:00"
"-115.55","51.19","BANFF CS","3050519","2023-11-10 00:00","2023","11","10","00:00"
"-115.55","51.19","BANFF CS","3050519","2023-11-10 01:00","2023","11","10","01:00"
"-115.55","51.19","BANFF CS","3050519","2023-11-10 02:00","2023","11","10","02:00"
"-115.55","51.19","BANFF CS","3050519","2023-11-10 03:00","2023","11","10","03:00"
"-115.55","51.19","BANFF CS","3050519","2023-11-10 04:00","2023","11","10","04:00"
"-115.55","51.19","BANFF CS","3050519","2023-11-10 05:00","2023","11","10","05:00"
"-115.55","51.19","BANFF CS","3050519","2023-11-10 06:00","2023","11","10","06:00"
"-115.55","51.19","BANFF CS","3050519","2023-11-10 07:00","2023","11","10","07:00"
"-115.55","51.19","BANFF CS","3050519","2023-11-10 08:00","2023","11","10","08:00"
"-115.55","51.19","BANFF CS","3050519","2023-11-10 09:00","2023","11","10","09:00"
"-115.55","51.19","BANFF CS","3050519","2023-11-10 10:00","2023","11","10","10:00"
"-115.55","51.19","BANFF CS","3050519","2023-11-10 11:00","2023","11","10","11:00"
"-115.55","51.19","BANFF CS","3050519","2023-11-10 12:00","2023","11","10","12:00"
"-115.55","51.19","BANFF CS","3050519","2023-11-10 13:00","2023","11","10","13:00"
"-115.55","51.19","BANFF CS","3050519","2023-11-10 14:00","2023","11","10","14:00"
"-115.55","51.19","BANFF CS","3050519","2023-11-10 15:00","2023","11","10","15:00"
"-115.55","51.19","BANFF CS","3050519","2023-11-10 16:00","2023","11","10","16:00"
"-115.55","51.19","BANFF CS","3050519","2023-11-10 17:00","2023","11","10","17:00"
"-115.55","51.19","BANFF CS","3050519","2023-11-10 18:00","2023","11","10","18:00"
"-115.55","51.19","BANFF CS","3050519","2023-11-10 19:00","2023","11","10","19:00"
"-115.55","51.19","BANFF CS","3050519","2023-11-10 20:00","2023","11","10","20:00"
"-115.55","51.19","BANFF CS","3050519","2023-11-10 21:00","2023","11","10","21:00"
"-115.55","51.19","BANFF CS","3050519","2023-11-10 22:00","2023","11","10","22:00"
"-115.55","51.19","BANFF CS","3050519","2023-11-10 23:00","2023","11","10","23:00"
"-115.55","51.19","BANFF CS","3050519","2023-11-11 00:00","2023","11","11","00:00"
"-115.55","51.19","BANFF CS","3050519","2023-11-11 01:00","2023","11","11","01:00"
"-115.55","51.19","BANFF CS","3050519","2023-11-11 02:00","2023","11","11","02:00"
"-115.55","51.19","BANFF CS","3050519","2023-11-11 03:00","2023","11","11","03:00"
"-115.55","51.19","BANFF CS","3050519","2023-11-11 04:00","2023","11","11","04:00"
"-115.55","51.19","BANFF CS","3050519","2023-11-11 05:00","2023","11","11","05:00"
"-115.55","51.19","BANFF CS","3050519","2023-11-11 06:00","2023","11","11","06:00"
"-115.55","51.19","BANFF CS","3050519","2023-11-11 07:00","2023","11","11","07:00"
"-115.55","51.19","BANFF CS","3050519","2023-11-11 08:00","2023","11","11","08:00"
"-115.55","51.19","BANFF CS","3050519","2023-11-11 09:00","2023","11","11","09:00"
"-115.55","51.19","BANFF CS","3050519","2023-11-11 10:00","2023","11","11","10:00"
"-115.55","51.19","BANFF CS","3050519","2023-11-11 11:00","2023","11","11","11:00"
"-115.55","51.19","BANFF CS","3050519","2023-11-11 12:00","2023","11","11","12:00"
"-115.55","51.19","BANFF CS","3050519","2023-11-11 13:00","2023","11","11","13:00"
"-115.55","51.19","BANFF CS","3050519","2023-11-11 14:00","2023","11","11","14:00"
"-115.55","51.19","BANFF CS","3050519","2023-11-11 15:00","2023","11","11","15:00"
"-115.55","51.19","BANFF CS","3050519","2023-11-11 16:00","2023","11","11","16:00"
"-115.55","51.19","BANFF CS","3050519","2023-11-11 17:00","2023","11","11","17:00"
"-115.55","51.19","BANFF CS","3050519","2023-11-11 18:00","2023","11","11","18:00"
"-115.55","51.19","BANFF CS","3050519","2023-11-11 19:00","2023","11","11","19:00"
"-115.55","51.19","BANFF CS","3050519","2023-11-11 20:00","2023","11","11","20:00"
"-115.55","51.19","BANFF CS","3050519","2023-11-11 21:00","2023","11","11","21:00"
"-115.55","51.19","BANFF CS","3050519","2023-11-11 22:00","2023","11","11","22:00"
"-115.55","51.19","BANFF CS","3050519","2023-11-11 23:00","2023","11","11","23:00"
"-115.55","51.19","BANFF CS","3050519","2023-11-12 00:00","2023","11","12","00:00"
"-115.55","51.19","BANFF CS","3050519","2023-11-12 01:00","2023","11","12","01:00"
"-115.55","51.19","BANFF CS","3050519","2023-11-12 02:00","2023","11","12","02:00"
"-115.55","51.19","BANFF CS","3050519","2023-11-12 03:00","2023","11","12","03:00"
"-115.55","51.19","BANFF CS","3050519","2023-11-12 04:00","2023","11","12","04:00"
"-115.55","51.19","BANFF CS","3050519","2023-11-12 05:00","2023","11","12","05:00"
"-115.55","51.19","BANFF CS","3050519","2023-11-12 06:00","2023","11","12","06:00"
"-115.55","51.19","BANFF CS","3050519","2023-11-12 07:00","2023","11","12","07:00"
"-115.55","51.19","BANFF CS","3050519","2023-11-12 08:00","2023","11","12","08:00"
"-115.55","51.19","BANFF CS","3050519","2023-11-12 09:00","2023","11","12","09:00"
"-115.55","51.19","BANFF CS","3050519","2023-11-12 10:00","2023","11","12","10:00"
"-115.55","51.19","BANFF CS","3050519","2023-11-12 11:00","2023","11","12","11:00"
"-115.55","51.19","BANFF CS","3050519","2023-11-12 12:00","2023","11","12","12:00"
"-115.55","51.19","BANFF CS","3050519","2023-11-12 13:00","2023","11","12","13:00"
"-115.55","51.19","BANFF CS","3050519","2023-11-12 14:00","2023","11","12","14:00"
"-115.55","51.19","BANFF CS","3050519","2023-11-12 15:00","2023","11","12","15:00"
"-115.55","51.19","BANFF CS","3050519","2023-11-12 16:00","2023","11","12","16:00"
"-115.55","51.19","BANFF CS","3050519","2023-11-12 17:00","2023","11","12","17:00"
"-115.55","51.19","BANFF CS","3050519","2023-11-12 18:00","2023","11","12","18:00"
"-115.55","51.19","BANFF CS","3050519","2023-11-12 19:00","2023","11","12","19:00"
"-115.55","51.19","BANFF CS","3050519","2023-11-12 20:00","2023","11","12","20:00"
"-115.55","51.19","BANFF CS","3050519","2023-11-12 21:00","2023","11","12","21:00"
"-115.55","51.19","BANFF CS","3050519","2023-11-12 22:00","2023","11","12","22:00"
"-115.55","51.19","BANFF CS","3050519","2023-11-12 23:00","2023","11","12","23:00"
"-115.55","51.19","BANFF CS","3050519","2023-11-13 00:00","2023","11","13","00:00"
"-115.55","51.19","BANFF CS","3050519","2023-11-13 01:00","2023","11","13","01:00"
"-115.55","51.19","BANFF CS","3050519","2023-11-13 02:00","2023","11","13","02:00"
"-115.55","51.19","BANFF CS","3050519","2023-11-13 03:00","2023","11","13","03:00"
"-115.55","51.19","BANFF CS","3050519","2023-11-13 04:00","2023","11","13","04:00"
"-115.55","51.19","BANFF CS","3050519","2023-11-13 05:00","2023","11","13","05:00"
"-115.55","51.19","BANFF CS","3050519","2023-11-13 06:00","2023","11","13","06:00"
"-115.55","51.19","BANFF CS","3050519","2023-11-13 07:00","2023","11","13","07:00"
"-115.55","51.19","BANFF CS","3050519","2023-11-13 08:00","2023","11","13","08:00"
"-115.55","51.19","BANFF CS","3050519","2023-11-13 09:00","2023","11","13","09:00"
"-115.55","51.19","BANFF CS","3050519","2023-11-13 10:00","2023","11","13","10:00"
"-115.55","51.19","BANFF CS","3050519","2023-11-13 11:00","2023","11","13","11:00"
"-115.55","51.19","BANFF CS","3050519","2023-11-13 12:00","2023","11","13","12:00"
"-115.55","51.19","BANFF CS","3050519","2023-11-13 13:00","2023","11","13","13:00"
"-115.55","51.19","BANFF CS","3050519","2023-11-13 14:00","2023","11","13","14:00"
"-115.55","51.19","BANFF CS","3050519","2023-11-13 15:00","2023","11","13","15:00"
"-115.55","51.19","BANFF CS","3050519","2023-11-13 16:00","2023","11","13","16:00"
"-115.55","51.19","BANFF CS","3050519","2023-11-13 17:00","2023","11","13","17:00"
"-115.55","51.19","BANFF CS","3050519","2023-11-13 18:00","2023","11","13","18:00"
"-115.55","51.19","BANFF CS","3050519","2023-11-13 19:00","2023","11","13","19:00"
"-115.55","51.19","BANFF CS","3050519","2023-11-13 20:00","2023","11","13","20:00"
"-115.55","51.19","BANFF CS","3050519","2023-11-13 21:00","2023","11","13","21:00"
"-115.55","51.19","BANFF CS","3050519","2023-11-13 22:00","2023","11","13","22:00"
"-115.55","51.19","BANFF CS","3050519","2023-11-13 23:00","2023","11","13","23:00"
"-115.55","51.19","BANFF CS","3050519","2023-11-14 00:00","2023","11","14","00:00"
"-115.55","51.19","BANFF CS","3050519","2023-11-14 01:00","2023","11","14","01:00"
"-115.55","51.19","BANFF CS","3050519","2023-11-14 02:00","2023","11","14","02:00"
"-115.55","51.19","BANFF CS","3050519","2023-11-14 03:00","2023","11","14","03:00"
"-115.55","51.19","BANFF CS","3050519","2023-11-14 04:00","2023","11","14","04:00"
"-115.55","51.19","BANFF CS","3050519","2023-11-14 05:00","2023","11","14","05:00"
"-115.55","51.19","BANFF CS","3050519","2023-11-14 06:00","2023","11","14","06:00"
"-115.55","51.19","BANFF CS","3050519","2023-11-14 07:00","2023","11","14","07:00"
"-115.55","51.19","BANFF CS","3050519","2023-11-14 08:00","2023","11","14","08:00"
"-115.55","51.19","BANFF CS","3050519","2023-11-14 09:00","2023","11","14","09:00"
"-115.55","51.19","BANFF CS","3050519","2023-11-14 10:00","2023","11","14","10:00"
"-115.55","51.19","BANFF CS","3050519","2023-11-14 11:00","2023","11","14","11:00"
"-115.55","51.19","BANFF CS","3050519","2023-11-14 12:00","2023","11","14","12:00"
"-115.55","51.19","BANFF CS","3050519","2023-11-14 13:00","2023","11","14","13:00"
"-115.55","51.19","BANFF CS","3050519","2023-11-14 14:00","2023","11","14","14:00"
"-115.55","51.19","BANFF CS","3050519","2023-11-14 15:00","2023","11","14","15:00"
"-115.55","51.19","BANFF CS","3050519","2023-11-14 16:00","2023","11","14","16:00"
"-115.55","51.19","BANFF CS","3050519","2023-11-14 17:00","2023","11","14","17:00"
"-115.55","51.19","BANFF CS","3050519","2023-11-14 18:00","2023","11","14","18:00"
"-115.55","51.19","BANFF CS","3050519","2023-11-14 19:00","2023","11","14","19:00"
"-115.55","51.19","BANFF CS","3050519","2023-11-14 20:00","2023","11","14","20:00"
"-115.55","51.19","BANFF CS","3050519","2023-11-14 21:00","2023","11","14","21:00"
"-115.55","51.19","BANFF CS","3050519","2023-11-14 22:00","2023","11","14","22:00"
"-115.55","51.19","BANFF CS","3050519","2023-11-14 23:00","2023","11","14","23:00"
"-115.55","51.19","BANFF CS","3050519","2023-11-15 00:00","2023","11","15","00:00"
"-115.55","51.19","BANFF CS","3050519","2023-11-15 01:00","2023","11","15","01:00"
"-115.55","51.19","BANFF CS","3050519","2023-11-15 02:00","2023","11","15","02:00"
"-115.55","51.19","BANFF CS","3050519","2023-11-15 03:00","2023","11","15","03:00"
"-115.55","51.19","BANFF CS","3050519","2023-11-15 04:00","2023","11","15","04:00"
"-115.55","51.19","BANFF CS","3050519","2023-11-15 05:00","2023","11","15","05:00"
"-115.55","51.19","BANFF CS","3050519","2023-11-15 06:00","2023","11","15","06:00"
"-115.55","51.19","BANFF CS","3050519","2023-11-15 07:00","2023","11","15","07:00"
"-115.55","51.19","BANFF CS","3050519","2023-11-15 08:00","2023","11","15","08:00"
"-115.55","51.19","BANFF CS","3050519","2023-11-15 09:00","2023","11","15","09:00"
"-115.55","51.19","BANFF CS","3050519","2023-11-15 10:00","2023","11","15","10:00"
"-115.55","51.19","BANFF CS","3050519","2023-11-15 11:00","2023","11","15","11:00"
"-115.55","51.19","BANFF CS","3050519","2023-11-15 12:00","2023","11","15","12:00"
"-115.55","51.19","BANFF CS","3050519","2023-11-15 13:00","2023","11","15","13:00"
"-115.55","51.19","BANFF CS","3050519","2023-11-15 14:00","2023","11","15","14:00"
"-115.55","51.19","BANFF CS","3050519","2023-11-15 15:00","2023","11","15","15:00"
"-115.55","51.19","BANFF CS","3050519","2023-11-15 16:00","2023","11","15","16:00"
"-115.55","51.19","BANFF CS","3050519","2023-11-15 17:00","2023","11","15","17:00"
"-115.55","51.19","BANFF CS","3050519","2023-11-15 18:00","2023","11","15","18:00"
"-115.55","51.19","BANFF CS","3050519","2023-11-15 19:00","2023","11","15","19:00"
"-115.55","51.19","BANFF CS","3050519","2023-11-15 20:00","2023","11","15","20:00"
"-115.55","51.19","BANFF CS","3050519","2023-11-15 21:00","2023","11","15","21:00"
"-115.55","51.19","BANFF CS","3050519","2023-11-15 22:00","2023","11","15","22:00"
"-115.55","51.19","BANFF CS","3050519","2023-11-15 23:00","2023","11","15","23:00"
"-115.55","51.19","BANFF CS","3050519","2023-11-16 00:00","2023","11","16","00:00"
"-115.55","51.19","BANFF CS","3050519","2023-11-16 01:00","2023","11","16","01:00"
"-115.55","51.19","BANFF CS","3050519","2023-11-16 02:00","2023","11","16","02:00"
"-115.55","51.19","BANFF CS","3050519","2023-11-16 03:00","2023","11","16","03:00"
"-115.55","51.19","BANFF CS","3050519","2023-11-16 04:00","2023","11","16","04:00"
"-115.55","51.19","BANFF CS","3050519","2023-11-16 05:00","2023","11","16","05:00"
"-115.55","51.19","BANFF CS","3050519","2023-11-16 06:00","2023","11","16","06:00"
"-115.55","51.19","BANFF CS","3050519","2023-11-16 07:00","2023","11","16","07:00"
"-115.55","51.19","BANFF CS","3050519","2023-11-16 08:00","2023","11","16","08:00"
"-115.55","51.19","BANFF CS","3050519","2023-11-16 09:00","2023","11","16","09:00"
"-115.55","51.19","BANFF CS","3050519","2023-11-16 10:00","2023","11","16","10:00"
"-115.55","51.19","BANFF CS","3050519","2023-11-16 11:00","2023","11","16","11:00"
"-115.55","51.19","BANFF CS","3050519","2023-11-16 12:00","2023","11","16","12:00"
"-115.55","51.19","BANFF CS","3050519","2023-11-16 13:00","2023","11","16","13:00"
"-115.55","51.19","BANFF CS","3050519","2023-11-16 14:00","2023","11","16","14:00"
"-115.55","51.19","BANFF CS","3050519","2023-11-16 15:00","2023","11","16","15:00"
"-115.55","51.19","BANFF CS","3050519","2023-11-16 16:00","2023","11","16","16:00"
"-115.55","51.19","BANFF CS","3050519","2023-11-16 17:00","2023","11","16","17:00"
"-115.55","51.19","BANFF CS","3050519","2023-11-16 18:00","2023","11","16","18:00"
"-115.55","51.19","BANFF CS","3050519","2023-11-16 19:00","2023","11","16","19:00"
"-115.55","51.19","BANFF CS","3050519","2023-11-16 20:00","2023","11","16","20:00"
"-115.55","51.19","BANFF CS","3050519","2023-11-16 21:00","2023","11","16","21:00"
"-115.55","51.19","BANFF CS","3050519","2023-11-16 22:00","2023","11","16","22:00"
"-115.55","51.19","BANFF CS","3050519","2023-11-16 23:00","2023","11","16","23:00"
"-115.55","51.19","BANFF CS","3050519","2023-11-17 00:00","2023","11","17","00:00"
"-115.55","51.19","BANFF CS","3050519","2023-11-17 01:00","2023","11","17","01:00"
"-115.55","51.19","BANFF CS","3050519","2023-11-17 02:00","2023","11","17","02:00"
"-115.55","51.19","BANFF CS","3050519","2023-11-17 03:00","2023","11","17","03:00"
"-115.55","51.19","BANFF CS","3050519","2023-11-17 04:00","2023","11","17","04:00"
"-115.55","51.19","BANFF CS","3050519","2023-11-17 05:00","2023","11","17","05:00"
"-115.55","51.19","BANFF CS","3050519","2023-11-17 06:00","2023","11","17","06:00"
"-115.55","51.19","BANFF CS","3050519","2023-11-17 07:00","2023","11","17","07:00"
"-115.55","51.19","BANFF CS","3050519","2023-11-17 08:00","2023","11","17","08:00"
"-115.55","51.19","BANFF CS","3050519","2023-11-17 09:00","2023","11","17","09:00"
"-115.55","51.19","BANFF CS","3050519","2023-11-17 10:00","2023","11","17","10:00"
"-115.55","51.19","BANFF CS","3050519","2023-11-17 11:00","2023","11","17","11:00"
"-115.55","51.19","BANFF CS","3050519","2023-11-17 12:00","2023","11","17","12:00"
"-115.55","51.19","BANFF CS","3050519","2023-11-17 13:00","2023","11","17","13:00"
"-115.55","51.19","BANFF CS","3050519","2023-11-17 14:00","2023","11","17","14:00"
"-115.55","51.19","BANFF CS","3050519","2023-11-17 15:00","2023","11","17","15:00"
"-115.55","51.19","BANFF CS","3050519","2023-11-17 16:00","2023","11","17","16:00"
"-115.55","51.19","BANFF CS","3050519","2023-11-17 17:00","2023","11","17","17:00"
"-115.55","51.19","BANFF CS","3050519","2023-11-17 18:00","2023","11","17","18:00"
"-115.55","51.19","BANFF CS","3050519","2023-11-17 19:00","2023","11","17","19:00"
"-115.55","51.19","BANFF CS","3050519","2023-11-17 20:00","2023","11","17","20:00"
"-115.55","51.19","BANFF CS","3050519","2023-11-17 21:00","2023","11","17","21:00"
"-115.55","51.19","BANFF CS","3050519","2023-11-17 22:00","2023","11","17","22:00"
"-115.55","51.19","BANFF CS","3050519","2023-11-17 23:00","2023","11","17","23:00"
"-115.55","51.19","BANFF CS","3050519","2023-11-18 00:00","2023","11","18","00:00"
"-115.55","51.19","BANFF CS","3050519","2023-11-18 01:00","2023","11","18","01:00"
"-115.55","51.19","BANFF CS","3050519","2023-11-18 02:00","2023","11","18","02:00"
"-115.55","51.19","BANFF CS","3050519","2023-11-18 03:00","2023","11","18","03:00"
"-115.55","51.19","BANFF CS","3050519","2023-11-18 04:00","2023","11","18","04:00"
"-115.55","51.19","BANFF CS","3050519","2023-11-18 05:00","2023","11","18","05:00"
"-115.55","51.19","BANFF CS","3050519","2023-11-18 06:00","2023","11","18","06:00"
"-115.55","51.19","BANFF CS","3050519","2023-11-18 07:00","2023","11","18","07:00"
"-115.55","51.19","BANFF CS","3050519","2023-11-18 08:00","2023","11","18","08:00"
"-115.55","51.19","BANFF CS","3050519","2023-11-18 09:00","2023","11","18","09:00"
"-115.55","51.19","BANFF CS","3050519","2023-11-18 10:00","2023","11","18","10:00"
"-115.55","51.19","BANFF CS","3050519","2023-11-18 11:00","2023","11","18","11:00"
"-115.55","51.19","BANFF CS","3050519","2023-11-18 12:00","2023","11","18","12:00"
"-115.55","51.19","BANFF CS","3050519","2023-11-18 13:00","2023","11","18","13:00"
"-115.55","51.19","BANFF CS","3050519","2023-11-18 14:00","2023","11","18","14:00"
"-115.55","51.19","BANFF CS","3050519","2023-11-18 15:00","2023","11","18","15:00"
"-115.55","51.19","BANFF CS","3050519","2023-11-18 16:00","2023","11","18","16:00"
"-115.55","51.19","BANFF CS","3050519","2023-11-18 17:00","2023","11","18","17:00"
"-115.55","51.19","BANFF CS","3050519","2023-11-18 18:00","2023","11","18","18:00"
"-115.55","51.19","BANFF CS","3050519","2023-11-18 19:00","2023","11","18","19:00"
"-115.55","51.19","BANFF CS","3050519","2023-11-18 20:00","2023","11","18","20:00"
"-115.55","51.19","BANFF CS","3050519","2023-11-18 21:00","2023","11","18","21:00"
"-115.55","51.19","BANFF CS","3050519","2023-11-18 22:00","2023","11","18","22:00"
"-115.55","51.19","BANFF CS","3050519","2023-11-18 23:00","2023","11","18","23:00"
"-115.55","51.19","BANFF CS","3050519","2023-11-19 00:00","2023","11","19","00:00"
"-115.55","51.19","BANFF CS","3050519","2023-11-19 01:00","2023","11","19","01:00"
"-115.55","51.19","BANFF CS","3050519","2023-11-19 02:00","2023","11","19","02:00"
"-115.55","51.19","BANFF CS","3050519","2023-11-19 03:00","2023","11","19","03:00"
"-115.55","51.19","BANFF CS","3050519","2023-11-19 04:00","2023","11","19","04:00"
"-115.55","51.19","BANFF CS","3050519","2023-11-19 05:00","2023","11","19","05:00"
"-115.55","51.19","BANFF CS","3050519","2023-11-19 06:00","2023","11","19","06:00"
"-115.55","51.19","BANFF CS","3050519","2023-11-19 07:00","2023","11","19","07:00"
"-115.55","51.19","BANFF CS","3050519","2023-11-19 08:00","2023","11","19","08:00"
"-115.55","51.19","BANFF CS","3050519","2023-11-19 09:00","2023","11","19","09:00"
"-115.55","51.19","BANFF CS","3050519","2023-11-19 10:00","2023","11","19","10:00"
"-115.55","51.19","BANFF CS","3050519","2023-11-19 11:00","2023","11","19","11:00"
"-115.55","51.19","BANFF CS","3050519","2023-11-19 12:00","2023","11","19","12:00"
"-115.55","51.19","BANFF CS","3050519","2023-11-19 13:00","2023","11","19","13:00"
"-115.55","51.19","BANFF CS","3050519","2023-11-19 14:00","2023","11","19","14:00"
"-115.55","51.19","BANFF CS","3050519","2023-11-19 15:00","2023","11","19","15:00"
"-115.55","51.19","BANFF CS","3050519","2023-11-19 16:00","2023","11","19","16:00"
"-115.55","51.19","BANFF CS","3050519","2023-11-19 17:00","2023","11","19","17:00"
"-115.55","51.19","BANFF CS","3050519","2023-11-19 18:00","2023","11","19","18:00"
"-115.55","51.19","BANFF CS","3050519","2023-11-19 19:00","2023","11","19","19:00"
"-115.55","51.19","BANFF CS","3050519","2023-11-19 20:00","2023","11","19","20:00"
"-115.55","51.19","BANFF CS","3050519","2023-11-19 21:00","2023","11","19","21:00"
"-115.55","51.19","BANFF CS","3050519","2023-11-19 22:00","2023","11","19","22:00"
"-115.55","51.19","BANFF CS","3050519","2023-11-19 23:00","2023","11","19","23:00"
"-115.55","51.19","BANFF CS","3050519","2023-11-20 00:00","2023","11","20","00:00"
"-115.55","51.19","BANFF CS","3050519","2023-11-20 01:00","2023","11","20","01:00"
"-115.55","51.19","BANFF CS","3050519","2023-11-20 02:00","2023","11","20","02:00"
"-115.55","51.19","BANFF CS","3050519","2023-11-20 03:00","2023","11","20","03:00"
"-115.55","51.19","BANFF CS","3050519","2023-11-20 04:00","2023","11","20","04:00"
"-115.55","51.19","BANFF CS","3050519","2023-11-20 05:00","2023","11","20","05:00"
"-115.55","51.19","BANFF CS","3050519","2023-11-20 06:00","2023","11","20","06:00"
"-115.55","51.19","BANFF CS","3050519","2023-11-20 07:00","2023","11","20","07:00"
"-115.55","51.19","BANFF CS","3050519","2023-11-20 08:00","2023","11","20","08:00"
"-115.55","51.19","BANFF CS","3050519","2023-11-20 09:00","2023","11","20","09:00"
"-115.55","51.19","BANFF CS","3050519","2023-11-20 10:00","2023","11","20","10:00"
"-115.55","51.19","BANFF CS","3050519","2023-11-20 11:00","2023","11","20","11:00"
"-115.55","51.19","BANFF CS","3050519","2023-11-20 12:00","2023","11","20","12:00"
"-115.55","51.19","BANFF CS","3050519","2023-11-20 13:00","2023","11","20","13:00"
"-115.55","51.19","BANFF CS","3050519","2023-11-20 14:00","2023","11","20","14:00"
"-115.55","51.19","BANFF CS","3050519","2023-11-20 15:00","2023","11","20","15:00"
"-115.55","51.19","BANFF CS","3050519","2023-11-20 16:00","2023","11","20","16:00"
"-115.55","51.19","BANFF CS","3050519","2023-11-20 17:00","2023","11","20","17:00"
"-115.55","51.19","BANFF CS","3050519","2023-11-20 18:00","2023","11","20","18:00"
"-115.55","51.19","BANFF CS","3050519","2023-11-20 19:00","2023","11","20","19:00"
"-115.55","51.19","BANFF CS","3050519","2023-11-20 20:00","2023","11","20","20:00"
"-115.55","51.19","BANFF CS","3050519","2023-11-20 21:00","2023","11","20","21:00"
"-115.55","51.19","BANFF CS","3050519","2023-11-20 22:00","2023","11","20","22:00"
"-115.55","51.19","BANFF CS","3050519","2023-11-20 23:00","2023","11","20","23:00"
"-115.55","51.19","BANFF CS","3050519","2023-11-21 00:00","2023","11","21","00:00"
"-115.55","51.19","BANFF CS","3050519","2023-11-21 01:00","2023","11","21","01:00"
"-115.55","51.19","BANFF CS","3050519","2023-11-21 02:00","2023","11","21","02:00"
"-115.55","51.19","BANFF CS","3050519","2023-11-21 03:00","2023","11","21","03:00"
"-115.55","51.19","BANFF CS","3050519","2023-11-21 04:00","2023","11","21","04:00"
"-115.55","51.19","BANFF CS","3050519","2023-11-21 05:00","2023","11","21","05:00"
"-115.55","51.19","BANFF CS","3050519","2023-11-21 06:00","2023","11","21","06:00"
"-115.55","51.19","BANFF CS","3050519","2023-11-21 07:00","2023","11","21","07:00"
"-115.55","51.19","BANFF CS","3050519","2023-11-21 08:00","2023","11","21","08:00"
"-115.55","51.19","BANFF CS","3050519","2023-11-21 09:00","2023","11","21","09:00"
"-115.55","51.19","BANFF CS","3050519","2023-11-21 10:00","2023","11","21","10:00"
"-115.55","51.19","BANFF CS","3050519","2023-11-21 11:00","2023","11","21","11:00"
"-115.55","51.19","BANFF CS","3050519","2023-11-21 12:00","2023","11","21","12:00"
"-115.55","51.19","BANFF CS","3050519","2023-11-21 13:00","2023","11","21","13:00"
"-115.55","51.19","BANFF CS","3050519","2023-11-21 14:00","2023","11","21","14:00"
"-115.55","51.19","BANFF CS","3050519","2023-11-21 15:00","2023","11","21","15:00"
"-115.55","51.19","BANFF CS","3050519","2023-11-21 16:00","2023","11","21","16:00"
"-115.55","51.19","BANFF CS","3050519","2023-11-21 17:00","2023","11","21","17:00"
"-115.55","51.19","BANFF CS","3050519","2023-11-21 18:00","2023","11","21","18:00"
"-115.55","51.19","BANFF CS","3050519","2023-11-21 19:00","2023","11","21","19:00"
"-115.55","51.19","BANFF CS","3050519","2023-11-21 20:00","2023","11","21","20:00"
"-115.55","51.19","BANFF CS","3050519","2023-11-21 21:00","2023","11","21","21:00"
"-115.55","51.19","BANFF CS","3050519","2023-11-21 22:00","2023","11","21","22:00"
"-115.55","51.19","BANFF CS","3050519","2023-11-21 23:00","2023","11","21","23:00"
"-115.55","51.19","BANFF CS","3050519","2023-11-22 00:00","2023","11","22","00:00"
"-115.55","51.19","BANFF CS","3050519","2023-11-22 01:00","2023","11","22","01:00"
"-115.55","51.19","BANFF CS","3050519","2023-11-22 02:00","2023","11","22","02:00"
"-115.55","51.19","BANFF CS","3050519","2023-11-22 03:00","2023","11","22","03:00"
"-115.55","51.19","BANFF CS","3050519","2023-11-22 04:00","2023","11","22","04:00"
"-115.55","51.19","BANFF CS","3050519","2023-11-22 05:00","2023","11","22","05:00"
"-115.55","51.19","BANFF CS","3050519","2023-11-22 06:00","2023","11","22","06:00"
"-115.55","51.19","BANFF CS","3050519","2023-11-22 07:00","2023","11","22","07:00"
"-115.55","51.19","BANFF CS","3050519","2023-11-22 08:00","2023","11","22","08:00"
"-115.55","51.19","BANFF CS","3050519","2023-11-22 09:00","2023","11","22","09:00"
"-115.55","51.19","BANFF CS","3050519","2023-11-22 10:00","2023","11","22","10:00"
"-115.55","51.19","BANFF CS","3050519","2023-11-22 11:00","2023","11","22","11:00"
"-115.55","51.19","BANFF CS","3050519","2023-11-22 12:00","2023","11","22","12:00"
"-115.55","51.19","BANFF CS","3050519","2023-11-22 13:00","2023","11","22","13:00"
"-115.55","51.19","BANFF CS","3050519","2023-11-22 14:00","2023","11","22","14:00"
"-115.55","51.19","BANFF CS","3050519","2023-11-22 15:00","2023","11","22","15:00"
"-115.55","51.19","BANFF CS","3050519","2023-11-22 16:00","2023","11","22","16:00"
"-115.55","51.19","BANFF CS","3050519","2023-11-22 17:00","2023","11","22","17:00"
"-115.55","51.19","BANFF CS","3050519","2023-11-22 18:00","2023","11","22","18:00"
"-115.55","51.19","BANFF CS","3050519","2023-11-22 19:00","2023","11","22","19:00"
"-115.55","51.19","BANFF CS","3050519","2023-11-22 20:00","2023","11","22","20:00"
"-115.55","51.19","BANFF CS","3050519","2023-11-22 21:00","2023","11","22","21:00"
"-115.55","51.19","BANFF CS","3050519","2023-11-22 22:00","2023","11","22","22:00"
"-115.55","51.19","BANFF CS","3050519","2023-11-22 23:00","2023","11","22","23:00"
"-115.55","51.19","BANFF CS","3050519","2023-11-23 00:00","2023","11","23","00:00"
"-115.55","51.19","BANFF CS","3050519","2023-11-23 01:00","2023","11","23","01:00"
"-115.55","51.19","BANFF CS","3050519","2023-11-23 02:00","2023","11","23","02:00"
"-115.55","51.19","BANFF CS","3050519","2023-11-23 03:00","2023","11","23","03:00"
"-115.55","51.19","BANFF CS","3050519","2023-11-23 04:00","2023","11","23","04:00"
"-115.55","51.19","BANFF CS","3050519","2023-11-23 05:00","2023","11","23","05:00"
"-115.55","51.19","BANFF CS","3050519","2023-11-23 06:00","2023","11","23","06:00"
"-115.55","51.19","BANFF CS","3050519","2023-11-23 07:00","2023","11","23","07:00"
"-115.55","51.19","BANFF CS","3050519","2023-11-23 08:00","2023","11","23","08:00"
"-115.55","51.19","BANFF CS","3050519","2023-11-23 09:00","2023","11","23","09:00"
"-115.55","51.19","BANFF CS","3050519","2023-11-23 10:00","2023","11","23","10:00"
"-115.55","51.19","BANFF CS","3050519","2023-11-23 11:00","2023","11","23","11:00"
"-115.55","51.19","BANFF CS","3050519","2023-11-23 12:00","2023","11","23","12:00"
"-115.55","51.19","BANFF CS","3050519","2023-11-23 13:00","2023","11","23","13:00"
"-115.55","51.19","BANFF CS","3050519","2023-11-23 14:00","2023","11","23","14:00"
"-115.55","51.19","BANFF CS","3050519","2023-11-23 15:00","2023","11","23","15:00"
"-115.55","51.19","BANFF CS","3050519","2023-11-23 16:00","2023","11","23","16:00"
"-115.55","51.19","BANFF CS","3050519","2023-11-23 17:00","2023","11","23","17:00"
"-115.55","51.19","BANFF CS","3050519","2023-11-23 18:00","2023","11","23","18:00"
"-115.55","51.19","BANFF CS","3050519","2023-11-23 19:00","2023","11","23","19:00"
"-115.55","51.19","BANFF CS","3050519","2023-11-23 20:00","2023","11","23","20:00"
"-115.55","51.19","BANFF CS","3050519","2023-11-23 21:00","2023","11","23","21:00"
"-115.55","51.19","BANFF CS","3050519","2023-11-23 22:00","2023","11","23","22:00"
"-115.55","51.19","BANFF CS","3050519","2023-11-23 23:00","2023","11","23","23:00"
"-115.55","51.19","BANFF CS","3050519","2023-11-24 00:00","2023","11","24","00:00"
"-115.55","51.19","BANFF CS","3050519","2023-11-24 01:00","2023","11","24","01:00"
"-115.55","51.19","BANFF CS","3050519","2023-11-24 02:00","2023","11","24","02:00"
"-115.55","51.19","BANFF CS","3050519","2023-11-24 03:00","2023","11","24","03:00"
"-115.55","51.19","BANFF CS","3050519","2023-11-24 04:00","2023","11","24","04:00"
"-115.55","51.19","BANFF CS","3050519","2023-11-24 05:00","2023","11","24","05:00"
"-115.55","51.19","BANFF CS","3050519","2023-11-24 06:00","2023","11","24","06:00"
"-115.55","51.19","BANFF CS","3050519","2023-11-24 07:00","2023","11","24","07:00"
"-115.55","51.19","BANFF CS","3050519","2023-11-24 08:00","2023","11","24","08:00"
"-115.55","51.19","BANFF CS","3050519","2023-11-24 09:00","2023","11","24","09:00"
"-115.55","51.19","BANFF CS","3050519","2023-11-24 10:00","2023","11","24","10:00"
"-115.55","51.19","BANFF CS","3050519","2023-11-24 11:00","2023","11","24","11:00"
"-115.55","51.19","BANFF CS","3050519","2023-11-24 12:00","2023","11","24","12:00"
"-115.55","51.19","BANFF CS","3050519","2023-11-24 13:00","2023","11","24","13:00"
"-115.55","51.19","BANFF CS","3050519","2023-11-24 14:00","2023","11","24","14:00"
"-115.55","51.19","BANFF CS","3050519","2023-11-24 15:00","2023","11","24","15:00"
"-115.55","51.19","BANFF CS","3050519","2023-11-24 16:00","2023","11","24","16:00"
"-115.55","51.19","BANFF CS","3050519","2023-11-24 17:00","2023","11","24","17:00"
"-115.55","51.19","BANFF CS","3050519","2023-11-24 18:00","2023","11","24","18:00"
"-115.55","51.19","BANFF CS","3050519","2023-11-24 19:00","2023","11","24","19:00"
"-115.55","51.19","BANFF CS","3050519","2023-11-24 20:00","2023","11","24","20:00"
"-115.55","51.19","BANFF CS","3050519","2023-11-24 21:00","2023","11","24","21:00"
"-115.55","51.19","BANFF CS","3050519","2023-11-24 22:00","2023","11","24","22:00"
"-115.55","51.19","BANFF CS","3050519","2023-11-24 23:00","2023","11","24","23:00"
"-115.55","51.19","BANFF CS","3050519","2023-11-25 00:00","2023","11","25","00:00"
"-115.55","51.19","BANFF CS","3050519","2023-11-25 01:00","2023","11","25","01:00"
"-115.55","51.19","BANFF CS","3050519","2023-11-25 02:00","2023","11","25","02:00"
"-115.55","51.19","BANFF CS","3050519","2023-11-25 03:00","2023","11","25","03:00"
"-115.55","51.19","BANFF CS","3050519","2023-11-25 04:00","2023","11","25","04:00"
"-115.55","51.19","BANFF CS","3050519","2023-11-25 05:00","2023","11","25","05:00"
"-115.55","51.19","BANFF CS","3050519","2023-11-25 06:00","2023","11","25","06:00"
"-115.55","51.19","BANFF CS","3050519","2023-11-25 07:00","2023","11","25","07:00"
"-115.55","51.19","BANFF CS","3050519","2023-11-25 08:00","2023","11","25","08:00"
"-115.55","51.19","BANFF CS","3050519","2023-11-25 09:00","2023","11","25","09:00"
"-115.55","51.19","BANFF CS","3050519","2023-11-25 10:00","2023","11","25","10:00"
"-115.55","51.19","BANFF CS","3050519","2023-11-25 11:00","2023","11","25","11:00"
"-115.55","51.19","BANFF CS","3050519","2023-11-25 12:00","2023","11","25","12:00"
"-115.55","51.19","BANFF CS","3050519","2023-11-25 13:00","2023","11","25","13:00"
"-115.55","51.19","BANFF CS","3050519","2023-11-25 14:00","2023","11","25","14:00"
"-115.55","51.19","BANFF CS","3050519","2023-11-25 15:00","2023","11","25","15:00"
"-115.55","51.19","BANFF CS","3050519","2023-11-25 16:00","2023","11","25","16:00"
"-115.55","51.19","BANFF CS","3050519","2023-11-25 17:00","2023","11","25","17:00"
"-115.55","51.19","BANFF CS","3050519","2023-11-25 18:00","2023","11","25","18:00"
"-115.55","51.19","BANFF CS","3050519","2023-11-25 19:00","2023","11","25","19:00"
"-115.55","51.19","BANFF CS","3050519","2023-11-25 20:00","2023","11","25","20:00"
"-115.55","51.19","BANFF CS","3050519","2023-11-25 21:00","2023","11","25","21:00"
"-115.55","51.19","BANFF CS","3050519","2023-11-25 22:00","2023","11","25","22:00"
"-115.55","51.19","BANFF CS","3050519","2023-11-25 23:00","2023","11","25","23:00"
"-115.55","51.19","BANFF CS","3050519","2023-11-26 00:00","2023","11","26","00:00"
"-115.55","51.19","BANFF CS","3050519","2023-11-26 01:00","2023","11","26","01:00"
"-115.55","51.19","BANFF CS","3050519","2023-11-26 02:00","2023","11","26","02:00"
"-115.55","51.19","BANFF CS","3050519","2023-11-26 03:00","2023","11","26","03:00"
"-115.55","51.19","BANFF CS","3050519","2023-11-26 04:00","2023","11","26","04:00"
"-115.55","51.19","BANFF CS","3050519","2023-11-26 05:00","2023","11","26","05:00"
"-115.55","51.19","BANFF CS","3050519","2023-11-26 06:00","2023","11","26","06:00"
"-115.55","51.19","BANFF CS","3050519","2023-11-26 07:00","2023","11","26","07:00"
"-115.55","51.19","BANFF CS","3050519","2023-11-26 08:00","2023","11","26","08:00"
"-115.55","51.19","BANFF CS","3050519","2023-11-26 09:00","2023","11","26","09:00"
"-115.55","51.19","BANFF CS","3050519","2023-11-26 10:00","2023","11","26","10:00"
"-115.55","51.19","BANFF CS","3050519","2023-11-26 11:00","2023","11","26","11:00"
"-115.55","51.19","BANFF CS","3050519","2023-11-26 12:00","2023","11","26","12:00"
"-115.55","51.19","BANFF CS","3050519","2023-11-26 13:00","2023","11","26","13:00"
"-115.55","51.19","BANFF CS","3050519","2023-11-26 14:00","2023","11","26","14:00"
"-115.55","51.19","BANFF CS","3050519","2023-11-26 15:00","2023","11","26","15:00"
"-115.55","51.19","BANFF CS","3050519","2023-11-26 16:00","2023","11","26","16:00"
"-115.55","51.19","BANFF CS","3050519","2023-11-26 17:00","2023","11","26","17:00"
"-115.55","51.19","BANFF CS","3050519","2023-11-26 18:00","2023","11","26","18:00"
"-115.55","51.19","BANFF CS","3050519","2023-11-26 19:00","2023","11","26","19:00"
"-115.55","51.19","BANFF CS","3050519","2023-11-26 20:00","2023","11","26","20:00"
"-115.55","51.19","BANFF CS","3050519","2023-11-26 21:00","2023","11","26","21:00"
"-115.55","51.19","BANFF CS","3050519","2023-11-26 22:00","2023","11","26","22:00"
"-115.55","51.19","BANFF CS","3050519","2023-11-26 23:00","2023","11","26","23:00"
"-115.55","51.19","BANFF CS","3050519","2023-11-27 00:00","2023","11","27","00:00"
"-115.55","51.19","BANFF CS","3050519","2023-11-27 01:00","2023","11","27","01:00"
"-115.55","51.19","BANFF CS","3050519","2023-11-27 02:00","2023","11","27","02:00"
"-115.55","51.19","BANFF CS","3050519","2023-11-27 03:00","2023","11","27","03:00"
"-115.55","51.19","BANFF CS","3050519","2023-11-27 04:00","2023","11","27","04:00"
"-115.55","51.19","BANFF CS","3050519","2023-11-27 05:00","2023","11","27","05:00"
"-115.55","51.19","BANFF CS","3050519","2023-11-27 06:00","2023","11","27","06:00"
"-115.55","51.19","BANFF CS","3050519","2023-11-27 07:00","2023","11","27","07:00"
"-115.55","51.19","BANFF CS","3050519","2023-11-27 08:00","2023","11","27","08:00"
"-115.55","51.19","BANFF CS","3050519","2023-11-27 09:00","2023","11","27","09:00"
"-115.55","51.19","BANFF CS","3050519","2023-11-27 10:00","2023","11","27","10:00"
"-115.55","51.19","BANFF CS","3050519","2023-11-27 11:00","2023","11","27","11:00"
"-115.55","51.19","BANFF CS","3050519","2023-11-27 12:00","2023","11","27","12:00"
"-115.55","51.19","BANFF CS","3050519","2023-11-27 13:00","2023","11","27","13:00"
"-115.55","51.19","BANFF CS","3050519","2023-11-27 14:00","2023","11","27","14:00"
"-115.55","51.19","BANFF CS","3050519","2023-11-27 15:00","2023","11","27","15:00"
"-115.55","51.19","BANFF CS","3050519","2023-11-27 16:00","2023","11","27","16:00"
"-115.55","51.19","BANFF CS","3050519","2023-11-27 17:00","2023","11","27","17:00"
"-115.55","51.19","BANFF CS","3050519","2023-11-27 18:00","2023","11","27","18:00"
"-115.55","51.19","BANFF CS","3050519","2023-11-27 19:00","2023","11","27","19:00"
"-115.55","51.19","BANFF CS","3050519","2023-11-27 20:00","2023","11","27","20:00"
"-115.55","51.19","BANFF CS","3050519","2023-11-27 21:00","2023","11","27","21:00"
"-115.55","51.19","BANFF CS","3050519","2023-11-27 22:00","2023","11","27","22:00"
"-115.55","51.19","BANFF CS","3050519","2023-11-27 23:00","2023","11","27","23:00"
"-115.55","51.19","BANFF CS","3050519","2023-11-28 00:00","2023","11","28","00:00"
"-115.55","51.19","BANFF CS","3050519","2023-11-28 01:00","2023","11","28","01:00"
"-115.55","51.19","BANFF CS","3050519","2023-11-28 02:00","2023","11","28","02:00"
"-115.55","51.19","BANFF CS","3050519","2023-11-28 03:00","2023","11","28","03:00"
"-115.55","51.19","BANFF CS","3050519","2023-11-28 04:00","2023","11","28","04:00"
"-115.55","51.19","BANFF CS","3050519","2023-11-28 05:00","2023","11","28","05:00"
"-115.55","51.19","BANFF CS","3050519","2023-11-28 06:00","2023","11","28","06:00"
"-115.55","51.19","BANFF CS","3050519","2023-11-28 07:00","2023","11","28","07:00"
"-115.55","51.19","BANFF CS","3050519","2023-11-28 08:00","2023","11","28","08:00"
"-115.55","51.19","BANFF CS","3050519","2023-11-28 09:00","2023","11","28","09:00"
"-115.55","51.19","BANFF CS","3050519","2023-11-28 10:00","2023","11","28","10:00"
"-115.55","51.19","BANFF CS","3050519","2023-11-28 11:00","2023","11","28","11:00"
"-115.55","51.19","BANFF CS","3050519","2023-11-28 12:00","2023","11","28","12:00"
"-115.55","51.19","BANFF CS","3050519","2023-11-28 13:00","2023","11","28","13:00"
"-115.55","51.19","BANFF CS","3050519","2023-11-28 14:00","2023","11","28","14:00"
"-115.55","51.19","BANFF CS","3050519","2023-11-28 15:00","2023","11","28","15:00"
"-115.55","51.19","BANFF CS","3050519","2023-11-28 16:00","2023","11","28","16:00"
"-115.55","51.19","BANFF CS","3050519","2023-11-28 17:00","2023","11","28","17:00"
"-115.55","51.19","BANFF CS","3050519","2023-11-28 18:00","2023","11","28","18:00"
"-115.55","51.19","BANFF CS","3050519","2023-11-28 19:00","2023","11","28","19:00"
"-115.55","51.19","BANFF CS","3050519","2023-11-28 20:00","2023","11","28","20:00"
"-115.55","51.19","BANFF CS","3050519","2023-11-28 21:00","2023","11","28","21:00"
"-115.55","51.19","BANFF CS","3050519","2023-11-28 22:00","2023","11","28","22:00"
"-115.55","51.19","BANFF CS","3050519","2023-11-28 23:00","2023","11","28","23:00"
"-115.55","51.19","BANFF CS","3050519","2023-11-29 00:00","2023","11","29","00:00"
"-115.55","51.19","BANFF CS","3050519","2023-11-29 01:00","2023","11","29","01:00"
"-115.55","51.19","BANFF CS","3050519","2023-11-29 02:00","2023","11","29","02:00"
"-115.55","51.19","BANFF CS","3050519","2023-11-29 03:00","2023","11","29","03:00"
"-115.55","51.19","BANFF CS","3050519","2023-11-29 04:00","2023","11","29","04:00"
"-115.55","51.19","BANFF CS","3050519","2023-11-29 05:00","2023","11","29","05:00"
"-115.55","51.19","BANFF CS","3050519","2023-11-29 06:00","2023","11","29","06:00"
"-115.55","51.19","BANFF CS","3050519","2023-11-29 07:00","2023","11","29","07:00"
"-115.55","51.19","BANFF CS","3050519","2023-11-29 08:00","2023","11","29","08:00"
"-115.55","51.19","BANFF CS","3050519","2023-11-29 09:00","2023","11","29","09:00"
"-115.55","51.19","BANFF CS","3050519","2023-11-29 10:00","2023","11","29","10:00"
"-115.55","51.19","BANFF CS","3050519","2023-11-29 11:00","2023","11","29","11:00"
"-115.55","51.19","BANFF CS","3050519","2023-11-29 12:00","2023","11","29","12:00"
"-115.55","51.19","BANFF CS","3050519","2023-11-29 13:00","2023","11","29","13:00"
"-115.55","51.19","BANFF CS","3050519","2023-11-29 14:00","2023","11","29","14:00"
"-115.55","51.19","BANFF CS","3050519","2023-11-29 15:00","2023","11","29","15:00"
"-115.55","51.19","BANFF CS","3050519","2023-11-29 16:00","2023","11","29","16:00"
"-115.55","51.19","BANFF CS","3050519","2023-11-29 17:00","2023","11","29","17:00"
"-115.55","51.19","BANFF CS","3050519","2023-11-29 18:00","2023","11","29","18:00"
"-115.55","51.19","BANFF CS","3050519","2023-11-29 19:00","2023","11","29","19:00"
"-115.55","51.19","BANFF CS","3050519","2023-11-29 20:00","2023","11","29","20:00"
"-115.55","51.19","BANFF CS","3050519","2023-11-29 21:00","2023","11","29","21:00"
"-115.55","51.19","BANFF CS","3050519","2023-11-29 22:00","2023","11","29","22:00"
"-115.55","51.19","BANFF CS","3050519","2023-11-29 23:00","2023","11","29","23:00"
"-115.55","51.19","BANFF CS","3050519","2023-11-30 00:00","2023","11","30","00:00"
"-115.55","51.19","BANFF CS","3050519","2023-11-30 01:00","2023","11","30","01:00"
"-115.55","51.19","BANFF CS","3050519","2023-11-30 02:00","2023","11","30","02:00"
"-115.55","51.19","BANFF CS","3050519","2023-11-30 03:00","2023","11","30","03:00"
"-115.55","51.19","BANFF CS","3050519","2023-11-30 04:00","2023","11","30","04:00"
"-115.55","51.19","BANFF CS","3050519","2023-11-30 05:00","2023","11","30","05:00"
"-115.55","51.19","BANFF CS","3050519","2023-11-30 06:00","2023","11","30","06:00"
"-115.55","51.19","BANFF CS","3050519","2023-11-30 07:00","2023","11","30","07:00"
"-115.55","51.19","BANFF CS","3050519","2023-11-30 08:00","2023","11","30","08:00"
"-115.55","51.19","BANFF CS","3050519","2023-11-30 09:00","2023","11","30","09:00"
"-115.55","51.19","BANFF CS","3050519","2023-11-30 10:00","2023","11","30","10:00"
"-115.55","51.19","BANFF CS","3050519","2023-11-30 11:00","2023","11","30","11:00"
"-115.55","51.19","BANFF CS","3050519","2023-11-30 12:00","2023","11","30","12:00"
"-115.55","51.19","BANFF CS","3050519","2023-11-30 13:00","2023","11","30","13:00"
"-115.55","51.19","BANFF CS","3050519","2023-11-30 14:00","2023","11","30","14:00"
"-115.55","51.19","BANFF CS","3050519","2023-11-30 15:00","2023","11","30","15:00"
"-115.55","51.19","BANFF CS","3050519","2023-11-30 16:00","2023","11","30","16:00"
"-115.55","51.19","BANFF CS","3050519","2023-11-30 17:00","2023","11","30","17:00"
"-115.55","51.19","BANFF CS","3050519","2023-11-30 18:00","2023","11","30","18:00"
"-115.55","51.19","BANFF CS","3050519","2023-11-30 19:00","2023","11","30","19:00"
"-115.55","51.19","BANFF CS","3050519","2023-11-30 20:00","2023","11","30","20:00"
"-115.55","51.19","BANFF CS","3050519","2023-11-30 21:00","2023","11","30","21:00"
"-115.55","51.19","BANFF CS","3050519","2023-11-30 22:00","2023","11","30","22:00"
"-115.55","51.19","BANFF CS","3050519","2023-11-30 23:00","2023","11","30","23:00"
